<ImportExportXml version="9.2.21042.177" SolutionPackageVersion="9.2" languagecode="1033" generatedBy="CrmLive" xmlns:xsi="http://www.w3.org/2001/XMLSchema-instance">
  <SolutionManifest>
    <UniqueName>SDHMovieDatabase</UniqueName>
    <LocalizedNames>
      <LocalizedName description="SDH Movie Database" languagecode="1033" />
    </LocalizedNames>
    <Descriptions />
    <Version>1.0.0.6</Version>
    <Managed>0</Managed>
    <Publisher>
      <UniqueName>stevenha</UniqueName>
      <LocalizedNames>
        <LocalizedName description="Steven Ha" languagecode="1033" />
      </LocalizedNames>
      <Descriptions />
      <EMailAddress xsi:nil="true"></EMailAddress>
      <SupportingWebsiteUrl xsi:nil="true"></SupportingWebsiteUrl>
      <CustomizationPrefix>sdh</CustomizationPrefix>
      <CustomizationOptionValuePrefix>74909</CustomizationOptionValuePrefix>
      <Addresses>
        <Address>
          <AddressNumber>1</AddressNumber>
          <AddressTypeCode>1</AddressTypeCode>
          <City xsi:nil="true"></City>
          <County xsi:nil="true"></County>
          <Country xsi:nil="true"></Country>
          <Fax xsi:nil="true"></Fax>
          <FreightTermsCode xsi:nil="true"></FreightTermsCode>
          <ImportSequenceNumber xsi:nil="true"></ImportSequenceNumber>
          <Latitude xsi:nil="true"></Latitude>
          <Line1 xsi:nil="true"></Line1>
          <Line2 xsi:nil="true"></Line2>
          <Line3 xsi:nil="true"></Line3>
          <Longitude xsi:nil="true"></Longitude>
          <Name xsi:nil="true"></Name>
          <PostalCode xsi:nil="true"></PostalCode>
          <PostOfficeBox xsi:nil="true"></PostOfficeBox>
          <PrimaryContactName xsi:nil="true"></PrimaryContactName>
          <ShippingMethodCode>1</ShippingMethodCode>
          <StateOrProvince xsi:nil="true"></StateOrProvince>
          <Telephone1 xsi:nil="true"></Telephone1>
          <Telephone2 xsi:nil="true"></Telephone2>
          <Telephone3 xsi:nil="true"></Telephone3>
          <TimeZoneRuleVersionNumber xsi:nil="true"></TimeZoneRuleVersionNumber>
          <UPSZone xsi:nil="true"></UPSZone>
          <UTCOffset xsi:nil="true"></UTCOffset>
          <UTCConversionTimeZoneCode xsi:nil="true"></UTCConversionTimeZoneCode>
        </Address>
        <Address>
          <AddressNumber>2</AddressNumber>
          <AddressTypeCode>1</AddressTypeCode>
          <City xsi:nil="true"></City>
          <County xsi:nil="true"></County>
          <Country xsi:nil="true"></Country>
          <Fax xsi:nil="true"></Fax>
          <FreightTermsCode xsi:nil="true"></FreightTermsCode>
          <ImportSequenceNumber xsi:nil="true"></ImportSequenceNumber>
          <Latitude xsi:nil="true"></Latitude>
          <Line1 xsi:nil="true"></Line1>
          <Line2 xsi:nil="true"></Line2>
          <Line3 xsi:nil="true"></Line3>
          <Longitude xsi:nil="true"></Longitude>
          <Name xsi:nil="true"></Name>
          <PostalCode xsi:nil="true"></PostalCode>
          <PostOfficeBox xsi:nil="true"></PostOfficeBox>
          <PrimaryContactName xsi:nil="true"></PrimaryContactName>
          <ShippingMethodCode>1</ShippingMethodCode>
          <StateOrProvince xsi:nil="true"></StateOrProvince>
          <Telephone1 xsi:nil="true"></Telephone1>
          <Telephone2 xsi:nil="true"></Telephone2>
          <Telephone3 xsi:nil="true"></Telephone3>
          <TimeZoneRuleVersionNumber xsi:nil="true"></TimeZoneRuleVersionNumber>
          <UPSZone xsi:nil="true"></UPSZone>
          <UTCOffset xsi:nil="true"></UTCOffset>
          <UTCConversionTimeZoneCode xsi:nil="true"></UTCConversionTimeZoneCode>
        </Address>
      </Addresses>
    </Publisher>
    <RootComponents>
      <RootComponent type="1" schemaName="account" behavior="2" />
      <RootComponent type="1" schemaName="sdh_movie" behavior="0" />
      <RootComponent type="1" schemaName="sdh_person" behavior="0" />
      <RootComponent type="1" schemaName="sdh_rating" behavior="0" />
      <RootComponent type="1" schemaName="sdh_role" behavior="0" />
      <RootComponent type="9" schemaName="sdh_country" behavior="0" />
      <RootComponent type="9" schemaName="sdh_genre" behavior="0" />
      <RootComponent type="9" schemaName="sdh_language" behavior="0" />
      <RootComponent type="9" schemaName="sdh_position" behavior="0" />
      <RootComponent type="9" schemaName="sdh_rated" behavior="0" />
      <RootComponent type="9" schemaName="sdh_type" behavior="0" />
      <RootComponent type="29" id="{406fcfa2-bb90-46c3-8a0f-b59ba96a34d3}" behavior="0" />
      <RootComponent type="29" id="{526b626e-7d6e-4ec2-8062-d228f6383047}" behavior="0" />
      <RootComponent type="29" id="{612366e1-b6d9-4cf9-a0b8-24f04186a06a}" behavior="0" />
      <RootComponent type="29" id="{95d2c837-0f96-41e5-8935-ef39b5e456b0}" behavior="0" />
      <RootComponent type="29" id="{b44c17ef-0fae-4c2c-86d5-1085ccf30178}" behavior="0" />
      <RootComponent type="60" id="{3756bbc7-0691-eb11-b1ac-000d3a594411}" behavior="0" />
      <RootComponent type="60" id="{3a588de4-0091-eb11-b1ac-000d3a594411}" behavior="0" />
      <RootComponent type="60" id="{45c3b45f-0591-eb11-b1ac-000d3a594411}" behavior="0" />
      <RootComponent type="60" id="{655313c4-0591-eb11-b1ac-000d3a594411}" behavior="0" />
      <RootComponent type="60" id="{6bb0a44f-ef90-eb11-b1ac-000d3a594411}" behavior="0" />
      <RootComponent type="60" id="{9c0164a8-f190-eb11-b1ac-000d3a594411}" behavior="0" />
      <RootComponent type="60" id="{a604f7a7-f090-eb11-b1ac-000d3a594411}" behavior="0" />
      <RootComponent type="60" id="{ab080077-eb90-eb11-b1ac-000d3a594411}" behavior="0" />
      <RootComponent type="60" id="{b420f39c-0491-eb11-b1ac-000d3a594411}" behavior="0" />
      <RootComponent type="60" id="{be83e7c2-ec90-eb11-b1ac-000d3a594411}" behavior="0" />
      <RootComponent type="60" id="{e7175bdc-559a-eb11-b1ac-00224806cebb}" behavior="0" />
      <RootComponent type="62" schemaName="sdh_MovieDatabase" behavior="0" />
      <RootComponent type="80" schemaName="sdh_MovieDatabase" behavior="0" />
      <RootComponent type="300" schemaName="sdh_moviecanvasapp_25731" behavior="0" />
    </RootComponents>
    <MissingDependencies>
      <MissingDependency>
        <Required key="0" type="26" schemaName="All Accounts" displayName="All Accounts" parentSchemaName="account" parentDisplayName="Account" solution="msdynce_AppCommon (9.0.4.0066)" id="{65ffaf9a-e8c5-432d-860b-32f841b00d87}" />
        <Dependent key="1" type="80" schemaName="sdh_MovieDatabase" displayName="Movie Database" />
      </MissingDependency>
      <MissingDependency>
        <Required key="2" type="60" displayName="Account Quick Create" parentDisplayName="Account" solution="msdynce_AppCommon (9.0.4.0066)" id="{c9e7ec2d-efca-4e4c-b3e3-f63c4bba5e4b}" />
        <Dependent key="1" type="80" schemaName="sdh_MovieDatabase" displayName="Movie Database" />
      </MissingDependency>
      <MissingDependency>
        <Required key="3" type="61" schemaName="msdyn_/Images/AppModule_Default_Icon.png" displayName="msdyn_/Images/AppModule_Default_Icon.png" solution="AppModuleWebResources (2.5)" />
        <Dependent key="1" type="80" schemaName="sdh_MovieDatabase" displayName="Movie Database" />
      </MissingDependency>
      <MissingDependency>
        <Required key="4" type="66" schemaName="MscrmControls.CardFeedContainer.CardFeedContainer" displayName="MscrmControls.CardFeedContainer.CardFeedContainer" solution="BaseCustomControlsCore (9.0.2104.2011)" />
        <Dependent key="5" type="60" displayName="Organization for Rating" parentDisplayName="Account" id="{3756bbc7-0691-eb11-b1ac-000d3a594411}" />
      </MissingDependency>
      <MissingDependency>
        <Required key="6" type="61" schemaName="AppCommon/Account/Account_main_system_library.js" displayName="AppCommon/Account/Account_main_system_library.js" solution="msdynce_AppCommon (9.0.4.0066)" />
        <Dependent key="5" type="60" displayName="Organization for Rating" parentDisplayName="Account" id="{3756bbc7-0691-eb11-b1ac-000d3a594411}" />
      </MissingDependency>
      <MissingDependency>
        <Required key="4" type="66" schemaName="MscrmControls.CardFeedContainer.CardFeedContainer" displayName="MscrmControls.CardFeedContainer.CardFeedContainer" solution="BaseCustomControlsCore (9.0.2104.2011)" />
        <Dependent key="7" type="60" displayName="Account" parentDisplayName="Account" id="{a604f7a7-f090-eb11-b1ac-000d3a594411}" />
      </MissingDependency>
      <MissingDependency>
        <Required key="6" type="61" schemaName="AppCommon/Account/Account_main_system_library.js" displayName="AppCommon/Account/Account_main_system_library.js" solution="msdynce_AppCommon (9.0.4.0066)" />
        <Dependent key="7" type="60" displayName="Account" parentDisplayName="Account" id="{a604f7a7-f090-eb11-b1ac-000d3a594411}" />
      </MissingDependency>
      <MissingDependency>
        <Required key="4" type="66" schemaName="MscrmControls.CardFeedContainer.CardFeedContainer" displayName="MscrmControls.CardFeedContainer.CardFeedContainer" solution="BaseCustomControlsCore (9.0.2104.2011)" />
        <Dependent key="8" type="60" displayName="Organization for Prod Co" parentDisplayName="Account" id="{e7175bdc-559a-eb11-b1ac-00224806cebb}" />
      </MissingDependency>
    </MissingDependencies>
  </SolutionManifest>
</ImportExportXml>